filename,frequency_hz,source
temp-12012025191025-0.Bmp,1,sweep
temp-12012025191026-1.Bmp,2,sweep
temp-12012025191027-2.Bmp,3,sweep
temp-12012025191029-3.Bmp,4,sweep
temp-12012025191030-4.Bmp,5,sweep
temp-12012025191031-5.Bmp,7,sweep
temp-12012025191032-6.Bmp,8,sweep
temp-12012025191033-7.Bmp,9,sweep
temp-12012025191035-8.Bmp,10,sweep
temp-12012025191036-9.Bmp,11,sweep
temp-12012025191037-10.Bmp,13,sweep
temp-12012025191038-11.Bmp,14,sweep
temp-12012025191039-12.Bmp,15,sweep
temp-12012025191041-13.Bmp,16,sweep
temp-12012025191042-14.Bmp,17,sweep
temp-12012025191043-15.Bmp,19,sweep
temp-12012025191044-16.Bmp,20,sweep
temp-12012025191045-17.Bmp,21,sweep
temp-12012025191047-18.Bmp,22,sweep
temp-12012025191048-19.Bmp,23,sweep
temp-12012025191049-20.Bmp,25,sweep
temp-12012025191050-21.Bmp,26,sweep
temp-12012025191051-22.Bmp,27,sweep
temp-12012025191053-23.Bmp,28,sweep
temp-12012025191054-24.Bmp,29,sweep
temp-12012025191055-25.Bmp,31,sweep
temp-12012025191056-26.Bmp,32,sweep
temp-12012025191057-27.Bmp,33,sweep
temp-12012025191059-28.Bmp,34,sweep
temp-12012025191100-29.Bmp,35,sweep
temp-12012025191101-30.Bmp,37,sweep
temp-12012025191102-31.Bmp,38,sweep
temp-12012025191103-32.Bmp,39,sweep
temp-12012025191105-33.Bmp,40,sweep
temp-12012025191106-34.Bmp,41,sweep
temp-12012025191107-35.Bmp,43,sweep
temp-12012025191108-36.Bmp,44,sweep
temp-12012025191109-37.Bmp,45,sweep
temp-12012025191111-38.Bmp,46,sweep
temp-12012025191112-39.Bmp,47,sweep
temp-12012025191113-40.Bmp,49,sweep
temp-12012025191114-41.Bmp,50,sweep
temp-12012025191115-42.Bmp,51,sweep
temp-12012025191117-43.Bmp,52,sweep
temp-12012025191118-44.Bmp,54,sweep
temp-12012025191119-45.Bmp,55,sweep
temp-12012025191120-46.Bmp,56,sweep
temp-12012025191121-47.Bmp,57,sweep
temp-12012025191123-48.Bmp,58,sweep
temp-12012025191124-49.Bmp,60,sweep
temp-12012025191125-50.Bmp,61,sweep
temp-12012025191126-51.Bmp,62,sweep
temp-12012025191127-52.Bmp,63,sweep
temp-12012025191129-53.Bmp,64,sweep
temp-12012025191130-54.Bmp,66,sweep
temp-12012025191131-55.Bmp,67,sweep
temp-12012025191132-56.Bmp,68,sweep
temp-12012025191133-57.Bmp,69,sweep
temp-12012025191135-58.Bmp,70,sweep
temp-12012025191136-59.Bmp,72,sweep
temp-12012025191137-60.Bmp,73,sweep
temp-12012025191138-61.Bmp,74,sweep
temp-12012025191139-62.Bmp,75,sweep
temp-12012025191141-63.Bmp,76,sweep
temp-12012025191142-64.Bmp,78,sweep
temp-12012025191143-65.Bmp,79,sweep
temp-12012025191144-66.Bmp,80,sweep
temp-12012025191145-67.Bmp,81,sweep
temp-12012025191147-68.Bmp,82,sweep
temp-12012025191148-69.Bmp,84,sweep
temp-12012025191149-70.Bmp,85,sweep
temp-12012025191150-71.Bmp,86,sweep
temp-12012025191151-72.Bmp,87,sweep
temp-12012025191153-73.Bmp,88,sweep
temp-12012025191154-74.Bmp,90,sweep
temp-12012025191155-75.Bmp,91,sweep
temp-12012025191156-76.Bmp,92,sweep
temp-12012025191157-77.Bmp,93,sweep
temp-12012025191159-78.Bmp,94,sweep
temp-12012025191200-79.Bmp,96,sweep
temp-12012025191201-80.Bmp,97,sweep
temp-12012025191202-81.Bmp,98,sweep
temp-12012025191203-82.Bmp,99,sweep
temp-12012025191205-83.Bmp,101,sweep
temp-12012025191206-84.Bmp,102,sweep
temp-12012025191207-85.Bmp,103,sweep
temp-12012025191208-86.Bmp,104,sweep
temp-12012025191209-87.Bmp,105,sweep
temp-12012025191211-88.Bmp,107,sweep
temp-12012025191212-89.Bmp,108,sweep
temp-12012025191213-90.Bmp,109,sweep
temp-12012025191214-91.Bmp,110,sweep
temp-12012025191215-92.Bmp,111,sweep
temp-12012025191217-93.Bmp,113,sweep
temp-12012025191218-94.Bmp,114,sweep
temp-12012025191219-95.Bmp,115,sweep
temp-12012025191220-96.Bmp,116,sweep
temp-12012025191221-97.Bmp,117,sweep
temp-12012025191223-98.Bmp,119,sweep
temp-12012025191224-99.Bmp,120,sweep
temp-12012025191225-100.Bmp,121,sweep
temp-12012025191226-101.Bmp,122,sweep
temp-12012025191227-102.Bmp,123,sweep
temp-12012025191229-103.Bmp,125,sweep
temp-12012025191230-104.Bmp,126,sweep
temp-12012025191231-105.Bmp,127,sweep
temp-12012025191232-106.Bmp,128,sweep
temp-12012025191233-107.Bmp,129,sweep
temp-12012025191235-108.Bmp,131,sweep
temp-12012025191236-109.Bmp,132,sweep
temp-12012025191237-110.Bmp,133,sweep
temp-12012025191238-111.Bmp,134,sweep
temp-12012025191239-112.Bmp,135,sweep
temp-12012025191241-113.Bmp,137,sweep
temp-12012025191242-114.Bmp,138,sweep
temp-12012025191243-115.Bmp,139,sweep
temp-12012025191244-116.Bmp,140,sweep
temp-12012025191245-117.Bmp,141,sweep
temp-12012025191247-118.Bmp,143,sweep
temp-12012025191248-119.Bmp,144,sweep
temp-12012025191249-120.Bmp,145,sweep
temp-12012025191250-121.Bmp,146,sweep
temp-12012025191251-122.Bmp,147,sweep
temp-12012025191253-123.Bmp,149,sweep
temp-12012025191254-124.Bmp,150,sweep
temp-12012025191255-125.Bmp,151,sweep
temp-12012025191256-126.Bmp,152,sweep
temp-12012025191257-127.Bmp,154,sweep
temp-12012025191259-128.Bmp,155,sweep
temp-12012025191300-129.Bmp,156,sweep
temp-12012025191301-130.Bmp,157,sweep
temp-12012025191302-131.Bmp,158,sweep
temp-12012025191303-132.Bmp,160,sweep
temp-12012025191305-133.Bmp,161,sweep
temp-12012025191306-134.Bmp,162,sweep
temp-12012025191307-135.Bmp,163,sweep
temp-12012025191308-136.Bmp,164,sweep
temp-12012025191309-137.Bmp,166,sweep
temp-12012025191311-138.Bmp,167,sweep
temp-12012025191312-139.Bmp,168,sweep
temp-12012025191313-140.Bmp,169,sweep
temp-12012025191314-141.Bmp,170,sweep
temp-12012025191315-142.Bmp,172,sweep
temp-12012025191317-143.Bmp,173,sweep
temp-12012025191318-144.Bmp,174,sweep
temp-12012025191321-145.Bmp,175,sweep
temp-12012025191322-146.Bmp,176,sweep
temp-12012025191324-147.Bmp,178,sweep
temp-12012025191325-148.Bmp,179,sweep
temp-12012025191326-149.Bmp,180,sweep
temp-12012025191327-150.Bmp,181,sweep
temp-12012025191328-151.Bmp,182,sweep
temp-12012025191330-152.Bmp,184,sweep
temp-12012025191331-153.Bmp,185,sweep
temp-12012025191332-154.Bmp,186,sweep
temp-12012025191333-155.Bmp,187,sweep
temp-12012025191334-156.Bmp,188,sweep
temp-12012025191336-157.Bmp,190,sweep
temp-12012025191337-158.Bmp,191,sweep
temp-12012025191338-159.Bmp,192,sweep
temp-12012025191339-160.Bmp,193,sweep
temp-12012025191340-161.Bmp,194,sweep
temp-12012025191342-162.Bmp,196,sweep
temp-12012025191343-163.Bmp,197,sweep
temp-12012025191344-164.Bmp,198,sweep
temp-12012025191345-165.Bmp,199,sweep
temp-12012025191346-166.Bmp,201,sweep
temp-12012025191348-167.Bmp,202,sweep
temp-12012025191349-168.Bmp,203,sweep
temp-12012025191350-169.Bmp,204,sweep
temp-12012025191351-170.Bmp,205,sweep
temp-12012025191352-171.Bmp,207,sweep
temp-12012025191354-172.Bmp,208,sweep
temp-12012025191355-173.Bmp,209,sweep
temp-12012025191356-174.Bmp,210,sweep
temp-12012025191357-175.Bmp,211,sweep
temp-12012025191358-176.Bmp,213,sweep
temp-12012025191400-177.Bmp,214,sweep
temp-12012025191401-178.Bmp,215,sweep
temp-12012025191402-179.Bmp,216,sweep
temp-12012025191403-180.Bmp,217,sweep
temp-12012025191404-181.Bmp,219,sweep
temp-12012025191406-182.Bmp,220,sweep
temp-12012025191407-183.Bmp,221,sweep
temp-12012025191408-184.Bmp,222,sweep
temp-12012025191409-185.Bmp,223,sweep
temp-12012025191410-186.Bmp,225,sweep
temp-12012025191412-187.Bmp,226,sweep
temp-12012025191413-188.Bmp,227,sweep
temp-12012025191414-189.Bmp,228,sweep
temp-12012025191415-190.Bmp,229,sweep
temp-12012025191416-191.Bmp,231,sweep
temp-12012025191418-192.Bmp,232,sweep
temp-12012025191419-193.Bmp,233,sweep
temp-12012025191420-194.Bmp,234,sweep
temp-12012025191421-195.Bmp,235,sweep
temp-12012025191422-196.Bmp,237,sweep
temp-12012025191424-197.Bmp,238,sweep
temp-12012025191425-198.Bmp,239,sweep
temp-12012025191426-199.Bmp,240,sweep
temp-12012025191427-200.Bmp,241,sweep
temp-12012025191428-201.Bmp,243,sweep
temp-12012025191430-202.Bmp,244,sweep
temp-12012025191431-203.Bmp,245,sweep
temp-12012025191432-204.Bmp,246,sweep
temp-12012025191433-205.Bmp,247,sweep
temp-12012025191434-206.Bmp,249,sweep
temp-12012025191436-207.Bmp,250,sweep
temp-12012025191437-208.Bmp,251,sweep
temp-12012025191438-209.Bmp,252,sweep
temp-12012025191439-210.Bmp,254,sweep
temp-12012025191440-211.Bmp,255,sweep
temp-12012025191442-212.Bmp,256,sweep
temp-12012025191443-213.Bmp,257,sweep
temp-12012025191444-214.Bmp,258,sweep
temp-12012025191445-215.Bmp,260,sweep
temp-12012025191446-216.Bmp,261,sweep
temp-12012025191448-217.Bmp,262,sweep
temp-12012025191449-218.Bmp,263,sweep
temp-12012025191450-219.Bmp,264,sweep
temp-12012025191451-220.Bmp,266,sweep
temp-12012025191452-221.Bmp,267,sweep
temp-12012025191454-222.Bmp,268,sweep
temp-12012025191455-223.Bmp,269,sweep
temp-12012025191456-224.Bmp,270,sweep
temp-12012025191457-225.Bmp,272,sweep
temp-12012025191458-226.Bmp,273,sweep
temp-12012025191500-227.Bmp,274,sweep
temp-12012025191501-228.Bmp,275,sweep
temp-12012025191502-229.Bmp,276,sweep
temp-12012025191503-230.Bmp,278,sweep
temp-12012025191504-231.Bmp,279,sweep
temp-12012025191506-232.Bmp,280,sweep
temp-12012025191507-233.Bmp,281,sweep
temp-12012025191508-234.Bmp,282,sweep
temp-12012025191509-235.Bmp,284,sweep
temp-12012025191510-236.Bmp,285,sweep
temp-12012025191512-237.Bmp,286,sweep
temp-12012025191513-238.Bmp,287,sweep
temp-12012025191514-239.Bmp,288,sweep
temp-12012025191515-240.Bmp,290,sweep
temp-12012025191516-241.Bmp,291,sweep
temp-12012025191518-242.Bmp,292,sweep
temp-12012025191519-243.Bmp,293,sweep
temp-12012025191520-244.Bmp,294,sweep
temp-12012025191521-245.Bmp,296,sweep
temp-12012025191522-246.Bmp,297,sweep
temp-12012025191524-247.Bmp,298,sweep
temp-12012025191525-248.Bmp,299,sweep
temp-12012025191526-249.Bmp,301,sweep
temp-12012025191527-250.Bmp,302,sweep
temp-12012025191528-251.Bmp,303,sweep
temp-12012025191530-252.Bmp,304,sweep
temp-12012025191531-253.Bmp,305,sweep
temp-12012025191532-254.Bmp,307,sweep
temp-12012025191533-255.Bmp,308,sweep
temp-12012025191534-256.Bmp,309,sweep
temp-12012025191536-257.Bmp,310,sweep
temp-12012025191537-258.Bmp,311,sweep
temp-12012025191538-259.Bmp,313,sweep
temp-12012025191539-260.Bmp,314,sweep
temp-12012025191540-261.Bmp,315,sweep
temp-12012025191542-262.Bmp,316,sweep
temp-12012025191543-263.Bmp,317,sweep
temp-12012025191544-264.Bmp,319,sweep
temp-12012025191545-265.Bmp,320,sweep
temp-12012025191546-266.Bmp,321,sweep
temp-12012025191548-267.Bmp,322,sweep
temp-12012025191549-268.Bmp,323,sweep
temp-12012025191550-269.Bmp,325,sweep
temp-12012025191551-270.Bmp,326,sweep
temp-12012025191552-271.Bmp,327,sweep
temp-12012025191554-272.Bmp,328,sweep
temp-12012025191555-273.Bmp,329,sweep
temp-12012025191556-274.Bmp,331,sweep
temp-12012025191557-275.Bmp,332,sweep
temp-12012025191558-276.Bmp,333,sweep
temp-12012025191600-277.Bmp,334,sweep
temp-12012025191601-278.Bmp,335,sweep
temp-12012025191602-279.Bmp,337,sweep
temp-12012025191603-280.Bmp,338,sweep
temp-12012025191604-281.Bmp,339,sweep
temp-12012025191606-282.Bmp,340,sweep
temp-12012025191607-283.Bmp,341,sweep
temp-12012025191608-284.Bmp,343,sweep
temp-12012025191609-285.Bmp,344,sweep
temp-12012025191610-286.Bmp,345,sweep
temp-12012025191612-287.Bmp,346,sweep
temp-12012025191613-288.Bmp,347,sweep
temp-12012025191614-289.Bmp,349,sweep
temp-12012025191615-290.Bmp,350,sweep
temp-12012025191616-291.Bmp,351,sweep
temp-12012025191618-292.Bmp,352,sweep
temp-12012025191619-293.Bmp,354,sweep
temp-12012025191620-294.Bmp,355,sweep
temp-12012025191621-295.Bmp,356,sweep
temp-12012025191622-296.Bmp,357,sweep
temp-12012025191624-297.Bmp,358,sweep
temp-12012025191625-298.Bmp,360,sweep
temp-12012025191626-299.Bmp,361,sweep
temp-12012025191627-300.Bmp,362,sweep
temp-12012025191628-301.Bmp,363,sweep
temp-12012025191630-302.Bmp,364,sweep
temp-12012025191631-303.Bmp,366,sweep
temp-12012025191632-304.Bmp,367,sweep
temp-12012025191633-305.Bmp,368,sweep
temp-12012025191634-306.Bmp,369,sweep
temp-12012025191636-307.Bmp,370,sweep
temp-12012025191637-308.Bmp,372,sweep
temp-12012025191638-309.Bmp,373,sweep
temp-12012025191639-310.Bmp,374,sweep
temp-12012025191640-311.Bmp,375,sweep
temp-12012025191642-312.Bmp,376,sweep
temp-12012025191643-313.Bmp,378,sweep
temp-12012025191644-314.Bmp,379,sweep
temp-12012025191645-315.Bmp,380,sweep
temp-12012025191646-316.Bmp,381,sweep
temp-12012025191648-317.Bmp,382,sweep
temp-12012025191649-318.Bmp,384,sweep
temp-12012025191650-319.Bmp,385,sweep
temp-12012025191651-320.Bmp,386,sweep
temp-12012025191652-321.Bmp,387,sweep
temp-12012025191654-322.Bmp,388,sweep
temp-12012025191655-323.Bmp,390,sweep
temp-12012025191656-324.Bmp,391,sweep
temp-12012025191657-325.Bmp,392,sweep
temp-12012025191658-326.Bmp,393,sweep
temp-12012025191700-327.Bmp,394,sweep
temp-12012025191701-328.Bmp,396,sweep
temp-12012025191702-329.Bmp,397,sweep
temp-12012025191703-330.Bmp,398,sweep
temp-12012025191704-331.Bmp,399,sweep
temp-12012025191706-332.Bmp,401,sweep
temp-12012025191707-333.Bmp,402,sweep
temp-12012025191708-334.Bmp,403,sweep
temp-12012025191709-335.Bmp,404,sweep
temp-12012025191710-336.Bmp,405,sweep
temp-12012025191712-337.Bmp,407,sweep
temp-12012025191713-338.Bmp,408,sweep
temp-12012025191714-339.Bmp,409,sweep
temp-12012025191715-340.Bmp,410,sweep
temp-12012025191716-341.Bmp,411,sweep
temp-12012025191718-342.Bmp,413,sweep
temp-12012025191719-343.Bmp,414,sweep
temp-12012025191720-344.Bmp,415,sweep
temp-12012025191721-345.Bmp,416,sweep
temp-12012025191722-346.Bmp,417,sweep
temp-12012025191724-347.Bmp,419,sweep
temp-12012025191725-348.Bmp,420,sweep
temp-12012025191726-349.Bmp,421,sweep
temp-12012025191727-350.Bmp,422,sweep
temp-12012025191728-351.Bmp,423,sweep
temp-12012025191730-352.Bmp,425,sweep
temp-12012025191731-353.Bmp,426,sweep
temp-12012025191732-354.Bmp,427,sweep
temp-12012025191733-355.Bmp,428,sweep
temp-12012025191734-356.Bmp,429,sweep
temp-12012025191736-357.Bmp,431,sweep
temp-12012025191737-358.Bmp,432,sweep
temp-12012025191738-359.Bmp,433,sweep
temp-12012025191739-360.Bmp,434,sweep
temp-12012025191740-361.Bmp,435,sweep
temp-12012025191742-362.Bmp,437,sweep
temp-12012025191743-363.Bmp,438,sweep
temp-12012025191744-364.Bmp,439,sweep
temp-12012025191745-365.Bmp,440,sweep
temp-12012025191746-366.Bmp,441,sweep
temp-12012025191748-367.Bmp,443,sweep
temp-12012025191749-368.Bmp,444,sweep
temp-12012025191750-369.Bmp,445,sweep
temp-12012025191751-370.Bmp,446,sweep
temp-12012025191752-371.Bmp,447,sweep
temp-12012025191754-372.Bmp,449,sweep
temp-12012025191755-373.Bmp,450,sweep
temp-12012025191756-374.Bmp,451,sweep
temp-12012025191757-375.Bmp,452,sweep
temp-12012025191758-376.Bmp,454,sweep
temp-12012025191800-377.Bmp,455,sweep
temp-12012025191801-378.Bmp,456,sweep
temp-12012025191802-379.Bmp,457,sweep
temp-12012025191803-380.Bmp,458,sweep
temp-12012025191804-381.Bmp,460,sweep
temp-12012025191806-382.Bmp,461,sweep
temp-12012025191807-383.Bmp,462,sweep
temp-12012025191808-384.Bmp,463,sweep
temp-12012025191809-385.Bmp,464,sweep
temp-12012025191810-386.Bmp,466,sweep
temp-12012025191812-387.Bmp,467,sweep
temp-12012025191813-388.Bmp,468,sweep
temp-12012025191814-389.Bmp,469,sweep
temp-12012025191815-390.Bmp,470,sweep
temp-12012025191816-391.Bmp,472,sweep
temp-12012025191818-392.Bmp,473,sweep
temp-12012025191819-393.Bmp,474,sweep
temp-12012025191820-394.Bmp,475,sweep
temp-12012025191821-395.Bmp,476,sweep
temp-12012025191822-396.Bmp,478,sweep
temp-12012025191824-397.Bmp,479,sweep
temp-12012025191825-398.Bmp,480,sweep
temp-12012025191826-399.Bmp,481,sweep
temp-12012025191827-400.Bmp,482,sweep
temp-12012025191828-401.Bmp,484,sweep
temp-12012025191830-402.Bmp,485,sweep
temp-12012025191831-403.Bmp,486,sweep
temp-12012025191832-404.Bmp,487,sweep
temp-12012025191833-405.Bmp,488,sweep
temp-12012025191834-406.Bmp,490,sweep
temp-12012025191836-407.Bmp,491,sweep
temp-12012025191837-408.Bmp,492,sweep
temp-12012025191838-409.Bmp,493,sweep
temp-12012025191839-410.Bmp,494,sweep
temp-12012025191840-411.Bmp,496,sweep
temp-12012025191842-412.Bmp,497,sweep
temp-12012025191843-413.Bmp,498,sweep
temp-12012025191844-414.Bmp,499,sweep
temp-12012025191845-415.Bmp,501,sweep
temp-12012025191846-416.Bmp,502,sweep
temp-12012025191848-417.Bmp,503,sweep
temp-12012025191849-418.Bmp,504,sweep
temp-12012025191850-419.Bmp,505,sweep
temp-12012025191851-420.Bmp,507,sweep
temp-12012025191852-421.Bmp,508,sweep
temp-12012025191854-422.Bmp,509,sweep
temp-12012025191855-423.Bmp,510,sweep
temp-12012025191856-424.Bmp,511,sweep
temp-12012025191857-425.Bmp,513,sweep
temp-12012025191858-426.Bmp,514,sweep
temp-12012025191900-427.Bmp,515,sweep
temp-12012025191901-428.Bmp,516,sweep
temp-12012025191902-429.Bmp,517,sweep
temp-12012025191903-430.Bmp,519,sweep
temp-12012025191904-431.Bmp,520,sweep
temp-12012025191906-432.Bmp,521,sweep
temp-12012025191907-433.Bmp,522,sweep
temp-12012025191908-434.Bmp,523,sweep
temp-12012025191909-435.Bmp,525,sweep
temp-12012025191910-436.Bmp,526,sweep
temp-12012025191912-437.Bmp,527,sweep
temp-12012025191913-438.Bmp,528,sweep
temp-12012025191914-439.Bmp,529,sweep
temp-12012025191915-440.Bmp,531,sweep
temp-12012025191916-441.Bmp,532,sweep
temp-12012025191918-442.Bmp,533,sweep
temp-12012025191919-443.Bmp,534,sweep
temp-12012025191920-444.Bmp,535,sweep
temp-12012025191921-445.Bmp,537,sweep
temp-12012025191922-446.Bmp,538,sweep
temp-12012025191924-447.Bmp,539,sweep
temp-12012025191925-448.Bmp,540,sweep
temp-12012025191926-449.Bmp,541,sweep
temp-12012025191927-450.Bmp,543,sweep
temp-12012025191928-451.Bmp,544,sweep
temp-12012025191930-452.Bmp,545,sweep
temp-12012025191931-453.Bmp,546,sweep
temp-12012025191932-454.Bmp,547,sweep
temp-12012025191933-455.Bmp,549,sweep
temp-12012025191934-456.Bmp,550,sweep
temp-12012025191936-457.Bmp,551,sweep
temp-12012025191937-458.Bmp,552,sweep
temp-12012025191938-459.Bmp,554,sweep
temp-12012025191939-460.Bmp,555,sweep
temp-12012025191940-461.Bmp,556,sweep
temp-12012025191942-462.Bmp,557,sweep
temp-12012025191943-463.Bmp,558,sweep
temp-12012025191944-464.Bmp,560,sweep
temp-12012025191945-465.Bmp,561,sweep
temp-12012025191946-466.Bmp,562,sweep
temp-12012025191948-467.Bmp,563,sweep
temp-12012025191949-468.Bmp,564,sweep
temp-12012025191950-469.Bmp,566,sweep
temp-12012025191951-470.Bmp,567,sweep
temp-12012025191952-471.Bmp,568,sweep
temp-12012025191954-472.Bmp,569,sweep
temp-12012025191955-473.Bmp,570,sweep
temp-12012025191956-474.Bmp,572,sweep
temp-12012025191957-475.Bmp,573,sweep
temp-12012025191958-476.Bmp,574,sweep
temp-12012025192000-477.Bmp,575,sweep
temp-12012025192001-478.Bmp,576,sweep
temp-12012025192002-479.Bmp,578,sweep
temp-12012025192003-480.Bmp,579,sweep
temp-12012025192004-481.Bmp,580,sweep
temp-12012025192006-482.Bmp,581,sweep
temp-12012025192007-483.Bmp,582,sweep
temp-12012025192008-484.Bmp,584,sweep
temp-12012025192009-485.Bmp,585,sweep
temp-12012025192010-486.Bmp,586,sweep
temp-12012025192012-487.Bmp,587,sweep
temp-12012025192013-488.Bmp,588,sweep
temp-12012025192014-489.Bmp,590,sweep
temp-12012025192015-490.Bmp,591,sweep
temp-12012025192016-491.Bmp,592,sweep
temp-12012025192018-492.Bmp,593,sweep
temp-12012025192019-493.Bmp,594,sweep
temp-12012025192020-494.Bmp,596,sweep
temp-12012025192021-495.Bmp,597,sweep
temp-12012025192022-496.Bmp,598,sweep
temp-12012025192024-497.Bmp,599,sweep
temp-12012025192025-498.Bmp,601,sweep
temp-12012025192028-499.Bmp,602,sweep
temp-12012025192029-500.Bmp,603,sweep
temp-12012025192030-501.Bmp,604,sweep
temp-12012025192032-502.Bmp,605,sweep
temp-12012025192033-503.Bmp,607,sweep
temp-12012025192034-504.Bmp,608,sweep
temp-12012025192035-505.Bmp,609,sweep
temp-12012025192036-506.Bmp,610,sweep
temp-12012025192038-507.Bmp,611,sweep
temp-12012025192039-508.Bmp,613,sweep
temp-12012025192040-509.Bmp,614,sweep
temp-12012025192041-510.Bmp,615,sweep
temp-12012025192042-511.Bmp,616,sweep
temp-12012025192044-512.Bmp,617,sweep
temp-12012025192045-513.Bmp,619,sweep
temp-12012025192046-514.Bmp,620,sweep
temp-12012025192047-515.Bmp,621,sweep
temp-12012025192048-516.Bmp,622,sweep
temp-12012025192050-517.Bmp,623,sweep
temp-12012025192051-518.Bmp,625,sweep
temp-12012025192052-519.Bmp,626,sweep
temp-12012025192053-520.Bmp,627,sweep
temp-12012025192054-521.Bmp,628,sweep
temp-12012025192056-522.Bmp,629,sweep
temp-12012025192057-523.Bmp,631,sweep
temp-12012025192058-524.Bmp,632,sweep
temp-12012025192059-525.Bmp,633,sweep
temp-12012025192100-526.Bmp,634,sweep
temp-12012025192102-527.Bmp,635,sweep
temp-12012025192103-528.Bmp,637,sweep
temp-12012025192104-529.Bmp,638,sweep
temp-12012025192105-530.Bmp,639,sweep
temp-12012025192106-531.Bmp,640,sweep
temp-12012025192108-532.Bmp,641,sweep
temp-12012025192109-533.Bmp,643,sweep
temp-12012025192110-534.Bmp,644,sweep
temp-12012025192111-535.Bmp,645,sweep
temp-12012025192112-536.Bmp,646,sweep
temp-12012025192114-537.Bmp,647,sweep
temp-12012025192115-538.Bmp,649,sweep
temp-12012025192116-539.Bmp,650,sweep
temp-12012025192117-540.Bmp,651,sweep
temp-12012025192118-541.Bmp,652,sweep
temp-12012025192120-542.Bmp,654,sweep
temp-12012025192121-543.Bmp,655,sweep
temp-12012025192122-544.Bmp,656,sweep
temp-12012025192123-545.Bmp,657,sweep
temp-12012025192124-546.Bmp,658,sweep
temp-12012025192126-547.Bmp,660,sweep
temp-12012025192127-548.Bmp,661,sweep
temp-12012025192128-549.Bmp,662,sweep
temp-12012025192129-550.Bmp,663,sweep
temp-12012025192130-551.Bmp,664,sweep
temp-12012025192132-552.Bmp,666,sweep
temp-12012025192133-553.Bmp,667,sweep
temp-12012025192134-554.Bmp,668,sweep
temp-12012025192135-555.Bmp,669,sweep
temp-12012025192136-556.Bmp,670,sweep
temp-12012025192138-557.Bmp,672,sweep
temp-12012025192139-558.Bmp,673,sweep
temp-12012025192140-559.Bmp,674,sweep
temp-12012025192141-560.Bmp,675,sweep
temp-12012025192142-561.Bmp,676,sweep
temp-12012025192144-562.Bmp,678,sweep
temp-12012025192145-563.Bmp,679,sweep
temp-12012025192146-564.Bmp,680,sweep
temp-12012025192147-565.Bmp,681,sweep
temp-12012025192148-566.Bmp,682,sweep
temp-12012025192150-567.Bmp,684,sweep
temp-12012025192151-568.Bmp,685,sweep
temp-12012025192152-569.Bmp,686,sweep
temp-12012025192153-570.Bmp,687,sweep
temp-12012025192154-571.Bmp,688,sweep
temp-12012025192156-572.Bmp,690,sweep
temp-12012025192157-573.Bmp,691,sweep
temp-12012025192158-574.Bmp,692,sweep
temp-12012025192159-575.Bmp,693,sweep
temp-12012025192200-576.Bmp,694,sweep
temp-12012025192202-577.Bmp,696,sweep
temp-12012025192203-578.Bmp,697,sweep
temp-12012025192204-579.Bmp,698,sweep
temp-12012025192205-580.Bmp,699,sweep
temp-12012025192206-581.Bmp,701,sweep
temp-12012025192208-582.Bmp,702,sweep
temp-12012025192209-583.Bmp,703,sweep
temp-12012025192210-584.Bmp,704,sweep
temp-12012025192211-585.Bmp,705,sweep
temp-12012025192212-586.Bmp,707,sweep
temp-12012025192214-587.Bmp,708,sweep
temp-12012025192215-588.Bmp,709,sweep
temp-12012025192216-589.Bmp,710,sweep
temp-12012025192217-590.Bmp,711,sweep
temp-12012025192218-591.Bmp,713,sweep
temp-12012025192220-592.Bmp,714,sweep
temp-12012025192221-593.Bmp,715,sweep
temp-12012025192222-594.Bmp,716,sweep
temp-12012025192223-595.Bmp,717,sweep
temp-12012025192224-596.Bmp,719,sweep
temp-12012025192226-597.Bmp,720,sweep
temp-12012025192227-598.Bmp,721,sweep
temp-12012025192228-599.Bmp,722,sweep
temp-12012025192229-600.Bmp,723,sweep
temp-12012025192230-601.Bmp,725,sweep
temp-12012025192232-602.Bmp,726,sweep
temp-12012025192233-603.Bmp,727,sweep
temp-12012025192234-604.Bmp,728,sweep
temp-12012025192235-605.Bmp,729,sweep
temp-12012025192236-606.Bmp,731,sweep
temp-12012025192238-607.Bmp,732,sweep
temp-12012025192239-608.Bmp,733,sweep
temp-12012025192240-609.Bmp,734,sweep
temp-12012025192241-610.Bmp,735,sweep
temp-12012025192242-611.Bmp,737,sweep
temp-12012025192244-612.Bmp,738,sweep
temp-12012025192245-613.Bmp,739,sweep
temp-12012025192246-614.Bmp,740,sweep
temp-12012025192247-615.Bmp,741,sweep
temp-12012025192248-616.Bmp,743,sweep
temp-12012025192250-617.Bmp,744,sweep
temp-12012025192251-618.Bmp,745,sweep
temp-12012025192252-619.Bmp,746,sweep
temp-12012025192253-620.Bmp,747,sweep
temp-12012025192254-621.Bmp,749,sweep
temp-12012025192256-622.Bmp,750,sweep
temp-12012025192257-623.Bmp,751,sweep
temp-12012025192258-624.Bmp,752,sweep
temp-12012025192259-625.Bmp,754,sweep
temp-12012025192300-626.Bmp,755,sweep
temp-12012025192302-627.Bmp,756,sweep
temp-12012025192303-628.Bmp,757,sweep
temp-12012025192304-629.Bmp,758,sweep
temp-12012025192305-630.Bmp,760,sweep
temp-12012025192306-631.Bmp,761,sweep
temp-12012025192308-632.Bmp,762,sweep
temp-12012025192309-633.Bmp,763,sweep
temp-12012025192310-634.Bmp,764,sweep
temp-12012025192311-635.Bmp,766,sweep
temp-12012025192312-636.Bmp,767,sweep
temp-12012025192314-637.Bmp,768,sweep
temp-12012025192315-638.Bmp,769,sweep
temp-12012025192316-639.Bmp,770,sweep
temp-12012025192317-640.Bmp,772,sweep
temp-12012025192318-641.Bmp,773,sweep
temp-12012025192320-642.Bmp,774,sweep
temp-12012025192321-643.Bmp,775,sweep
temp-12012025192322-644.Bmp,776,sweep
temp-12012025192323-645.Bmp,778,sweep
temp-12012025192324-646.Bmp,779,sweep
temp-12012025192326-647.Bmp,780,sweep
temp-12012025192327-648.Bmp,781,sweep
temp-12012025192328-649.Bmp,782,sweep
temp-12012025192329-650.Bmp,784,sweep
temp-12012025192330-651.Bmp,785,sweep
temp-12012025192332-652.Bmp,786,sweep
temp-12012025192333-653.Bmp,787,sweep
temp-12012025192334-654.Bmp,788,sweep
temp-12012025192335-655.Bmp,790,sweep
temp-12012025192336-656.Bmp,791,sweep
temp-12012025192338-657.Bmp,792,sweep
temp-12012025192339-658.Bmp,793,sweep
temp-12012025192340-659.Bmp,794,sweep
temp-12012025192341-660.Bmp,796,sweep
temp-12012025192342-661.Bmp,797,sweep
temp-12012025192344-662.Bmp,798,sweep
temp-12012025192345-663.Bmp,799,sweep
temp-12012025192346-664.Bmp,801,sweep
temp-12012025192347-665.Bmp,802,sweep
temp-12012025192348-666.Bmp,803,sweep
temp-12012025192350-667.Bmp,804,sweep
temp-12012025192351-668.Bmp,805,sweep
temp-12012025192352-669.Bmp,807,sweep
temp-12012025192353-670.Bmp,808,sweep
temp-12012025192354-671.Bmp,809,sweep
temp-12012025192356-672.Bmp,810,sweep
temp-12012025192357-673.Bmp,811,sweep
temp-12012025192358-674.Bmp,813,sweep
temp-12012025192359-675.Bmp,814,sweep
temp-12012025192400-676.Bmp,815,sweep
temp-12012025192402-677.Bmp,816,sweep
temp-12012025192403-678.Bmp,817,sweep
temp-12012025192406-679.Bmp,819,sweep
temp-12012025192407-680.Bmp,820,sweep
temp-12012025192408-681.Bmp,821,sweep
temp-12012025192410-682.Bmp,822,sweep
temp-12012025192411-683.Bmp,823,sweep
temp-12012025192412-684.Bmp,825,sweep
temp-12012025192413-685.Bmp,826,sweep
temp-12012025192414-686.Bmp,827,sweep
temp-12012025192416-687.Bmp,828,sweep
temp-12012025192417-688.Bmp,829,sweep
temp-12012025192418-689.Bmp,831,sweep
temp-12012025192419-690.Bmp,832,sweep
temp-12012025192420-691.Bmp,833,sweep
temp-12012025192422-692.Bmp,834,sweep
temp-12012025192423-693.Bmp,835,sweep
temp-12012025192424-694.Bmp,837,sweep
temp-12012025192425-695.Bmp,838,sweep
temp-12012025192426-696.Bmp,839,sweep
temp-12012025192428-697.Bmp,840,sweep
temp-12012025192429-698.Bmp,841,sweep
temp-12012025192430-699.Bmp,843,sweep
temp-12012025192431-700.Bmp,844,sweep
temp-12012025192432-701.Bmp,845,sweep
temp-12012025192434-702.Bmp,846,sweep
temp-12012025192435-703.Bmp,847,sweep
temp-12012025192436-704.Bmp,849,sweep
temp-12012025192437-705.Bmp,850,sweep
temp-12012025192438-706.Bmp,851,sweep
temp-12012025192440-707.Bmp,852,sweep
temp-12012025192441-708.Bmp,854,sweep
temp-12012025192442-709.Bmp,855,sweep
temp-12012025192443-710.Bmp,856,sweep
temp-12012025192444-711.Bmp,857,sweep
temp-12012025192446-712.Bmp,858,sweep
temp-12012025192447-713.Bmp,860,sweep
temp-12012025192448-714.Bmp,861,sweep
temp-12012025192449-715.Bmp,862,sweep
temp-12012025192450-716.Bmp,863,sweep
temp-12012025192452-717.Bmp,864,sweep
temp-12012025192453-718.Bmp,866,sweep
temp-12012025192454-719.Bmp,867,sweep
temp-12012025192455-720.Bmp,868,sweep
temp-12012025192456-721.Bmp,869,sweep
temp-12012025192458-722.Bmp,870,sweep
temp-12012025192459-723.Bmp,872,sweep
temp-12012025192500-724.Bmp,873,sweep
temp-12012025192501-725.Bmp,874,sweep
temp-12012025192502-726.Bmp,875,sweep
temp-12012025192504-727.Bmp,876,sweep
temp-12012025192505-728.Bmp,878,sweep
temp-12012025192507-729.Bmp,879,sweep
temp-12012025192507-730.Bmp,880,sweep
temp-12012025192508-731.Bmp,881,sweep
temp-12012025192510-732.Bmp,882,sweep
temp-12012025192511-733.Bmp,884,sweep
temp-12012025192512-734.Bmp,885,sweep
temp-12012025192513-735.Bmp,886,sweep
temp-12012025192514-736.Bmp,887,sweep
temp-12012025192516-737.Bmp,888,sweep
temp-12012025192517-738.Bmp,890,sweep
temp-12012025192518-739.Bmp,891,sweep
temp-12012025192519-740.Bmp,892,sweep
temp-12012025192520-741.Bmp,893,sweep
temp-12012025192522-742.Bmp,894,sweep
temp-12012025192523-743.Bmp,896,sweep
temp-12012025192524-744.Bmp,897,sweep
temp-12012025192525-745.Bmp,898,sweep
temp-12012025192526-746.Bmp,899,sweep
temp-12012025192528-747.Bmp,901,sweep
temp-12012025192529-748.Bmp,902,sweep
temp-12012025192530-749.Bmp,903,sweep
temp-12012025192531-750.Bmp,904,sweep
temp-12012025192532-751.Bmp,905,sweep
temp-12012025192534-752.Bmp,907,sweep
temp-12012025192535-753.Bmp,908,sweep
temp-12012025192536-754.Bmp,909,sweep
temp-12012025192537-755.Bmp,910,sweep
temp-12012025192538-756.Bmp,911,sweep
temp-12012025192540-757.Bmp,913,sweep
temp-12012025192541-758.Bmp,914,sweep
temp-12012025192542-759.Bmp,915,sweep
temp-12012025192543-760.Bmp,916,sweep
temp-12012025192544-761.Bmp,917,sweep
temp-12012025192546-762.Bmp,919,sweep
temp-12012025192547-763.Bmp,920,sweep
temp-12012025192548-764.Bmp,921,sweep
temp-12012025192549-765.Bmp,922,sweep
temp-12012025192550-766.Bmp,923,sweep
temp-12012025192552-767.Bmp,925,sweep
temp-12012025192553-768.Bmp,926,sweep
temp-12012025192554-769.Bmp,927,sweep
temp-12012025192555-770.Bmp,928,sweep
temp-12012025192556-771.Bmp,929,sweep
temp-12012025192558-772.Bmp,931,sweep
temp-12012025192559-773.Bmp,932,sweep
temp-12012025192600-774.Bmp,933,sweep
temp-12012025192601-775.Bmp,934,sweep
temp-12012025192602-776.Bmp,935,sweep
temp-12012025192604-777.Bmp,937,sweep
temp-12012025192605-778.Bmp,938,sweep
temp-12012025192606-779.Bmp,939,sweep
temp-12012025192607-780.Bmp,940,sweep
temp-12012025192608-781.Bmp,941,sweep
temp-12012025192610-782.Bmp,943,sweep
temp-12012025192611-783.Bmp,944,sweep
temp-12012025192612-784.Bmp,945,sweep
temp-12012025192613-785.Bmp,946,sweep
temp-12012025192614-786.Bmp,947,sweep
temp-12012025192616-787.Bmp,949,sweep
temp-12012025192617-788.Bmp,950,sweep
temp-12012025192618-789.Bmp,951,sweep
temp-12012025192619-790.Bmp,952,sweep
temp-12012025192620-791.Bmp,954,sweep
temp-12012025192622-792.Bmp,955,sweep
temp-12012025192623-793.Bmp,956,sweep
temp-12012025192624-794.Bmp,957,sweep
temp-12012025192625-795.Bmp,958,sweep
temp-12012025192626-796.Bmp,960,sweep
temp-12012025192628-797.Bmp,961,sweep
temp-12012025192629-798.Bmp,962,sweep
temp-12012025192630-799.Bmp,963,sweep
temp-12012025192631-800.Bmp,964,sweep
temp-12012025192632-801.Bmp,966,sweep
temp-12012025192634-802.Bmp,967,sweep
temp-12012025192635-803.Bmp,968,sweep
temp-12012025192636-804.Bmp,969,sweep
temp-12012025192637-805.Bmp,970,sweep
temp-12012025192638-806.Bmp,972,sweep
temp-12012025192640-807.Bmp,973,sweep
temp-12012025192641-808.Bmp,974,sweep
temp-12012025192642-809.Bmp,975,sweep
temp-12012025192643-810.Bmp,976,sweep
temp-12012025192644-811.Bmp,978,sweep
temp-12012025192646-812.Bmp,979,sweep
temp-12012025192647-813.Bmp,980,sweep
temp-12012025192648-814.Bmp,981,sweep
temp-12012025192649-815.Bmp,982,sweep
temp-12012025192650-816.Bmp,984,sweep
temp-12012025192652-817.Bmp,985,sweep
temp-12012025192653-818.Bmp,986,sweep
temp-12012025192654-819.Bmp,987,sweep
temp-12012025192655-820.Bmp,988,sweep
temp-12012025192656-821.Bmp,990,sweep
temp-12012025192658-822.Bmp,991,sweep
temp-12012025192659-823.Bmp,992,sweep
temp-12012025192700-824.Bmp,993,sweep
temp-12012025192701-825.Bmp,994,sweep
temp-12012025192702-826.Bmp,996,sweep
temp-12012025192704-827.Bmp,997,sweep
temp-12012025192705-828.Bmp,998,sweep
temp-12012025192706-829.Bmp,999,sweep
temp-12012025192707-830.Bmp,1001,sweep
temp-12012025172859-0.Bmp,1024,discrete
temp-12012025172900-1.Bmp,1024,discrete
temp-12012025172900-2.Bmp,1024,discrete
temp-12012025172901-3.Bmp,1024,discrete
temp-12012025172901-4.Bmp,1024,discrete
temp-12012025172902-5.Bmp,1024,discrete
temp-12012025172902-6.Bmp,1024,discrete
temp-12012025172903-7.Bmp,1024,discrete
temp-12012025174533-0.Bmp,10,discrete
temp-12012025174534-1.Bmp,10,discrete
temp-12012025174534-2.Bmp,10,discrete
temp-12012025174535-3.Bmp,10,discrete
temp-12012025174535-4.Bmp,10,discrete
temp-12012025174536-5.Bmp,10,discrete
temp-12012025174536-6.Bmp,10,discrete
temp-12012025174537-7.Bmp,10,discrete
temp-12012025172626-0.Bmp,128,discrete
temp-12012025172627-1.Bmp,128,discrete
temp-12012025172627-2.Bmp,128,discrete
temp-12012025172628-3.Bmp,128,discrete
temp-12012025172628-4.Bmp,128,discrete
temp-12012025172629-5.Bmp,128,discrete
temp-12012025172629-6.Bmp,128,discrete
temp-12012025172630-7.Bmp,128,discrete
temp-12012025174603-0.Bmp,12,discrete
temp-12012025174604-1.Bmp,12,discrete
temp-12012025174604-2.Bmp,12,discrete
temp-12012025174605-3.Bmp,12,discrete
temp-12012025174605-4.Bmp,12,discrete
temp-12012025174606-5.Bmp,12,discrete
temp-12012025174606-6.Bmp,12,discrete
temp-12012025174607-7.Bmp,12,discrete
temp-12012025174620-0.Bmp,14,discrete
temp-12012025174620-1.Bmp,14,discrete
temp-12012025174621-2.Bmp,14,discrete
temp-12012025174621-3.Bmp,14,discrete
temp-12012025174622-4.Bmp,14,discrete
temp-12012025174623-5.Bmp,14,discrete
temp-12012025174623-6.Bmp,14,discrete
temp-12012025174624-7.Bmp,14,discrete
temp-12012025174323-0.Bmp,16384,discrete
temp-12012025174323-1.Bmp,16384,discrete
temp-12012025174324-2.Bmp,16384,discrete
temp-12012025174324-3.Bmp,16384,discrete
temp-12012025174325-4.Bmp,16384,discrete
temp-12012025174325-5.Bmp,16384,discrete
temp-12012025174326-6.Bmp,16384,discrete
temp-12012025174327-7.Bmp,16384,discrete
temp-12012025172530-0.Bmp,16,discrete
temp-12012025172531-1.Bmp,16,discrete
temp-12012025172531-2.Bmp,16,discrete
temp-12012025172532-3.Bmp,16,discrete
temp-12012025172532-4.Bmp,16,discrete
temp-12012025172533-5.Bmp,16,discrete
temp-12012025172534-6.Bmp,16,discrete
temp-12012025172534-7.Bmp,16,discrete
temp-12012025174659-0.Bmp,18,discrete
temp-12012025174700-1.Bmp,18,discrete
temp-12012025174701-2.Bmp,18,discrete
temp-12012025174701-3.Bmp,18,discrete
temp-12012025174702-4.Bmp,18,discrete
temp-12012025174702-5.Bmp,18,discrete
temp-12012025174703-6.Bmp,18,discrete
temp-12012025174703-7.Bmp,18,discrete
img1.Bmp,1,discrete
img2.Bmp,1,discrete
img3.Bmp,1,discrete
img4.Bmp,1,discrete
img5.Bmp,1,discrete
img6.Bmp,1,discrete
img7.Bmp,1,discrete
img8.Bmp,1,discrete
temp-12012025172930-0.Bmp,2048,discrete
temp-12012025172930-1.Bmp,2048,discrete
temp-12012025172931-2.Bmp,2048,discrete
temp-12012025172931-3.Bmp,2048,discrete
temp-12012025172932-4.Bmp,2048,discrete
temp-12012025172932-5.Bmp,2048,discrete
temp-12012025172933-6.Bmp,2048,discrete
temp-12012025172934-7.Bmp,2048,discrete
temp-12012025174725-0.Bmp,20,discrete
temp-12012025174725-1.Bmp,20,discrete
temp-12012025174726-2.Bmp,20,discrete
temp-12012025174726-3.Bmp,20,discrete
temp-12012025174727-4.Bmp,20,discrete
temp-12012025174727-5.Bmp,20,discrete
temp-12012025174728-6.Bmp,20,discrete
temp-12012025174728-7.Bmp,20,discrete
temp-12012025174408-0.Bmp,22000,discrete
temp-12012025174408-1.Bmp,22000,discrete
temp-12012025174409-2.Bmp,22000,discrete
temp-12012025174409-3.Bmp,22000,discrete
temp-12012025174410-4.Bmp,22000,discrete
temp-12012025174410-5.Bmp,22000,discrete
temp-12012025174411-6.Bmp,22000,discrete
temp-12012025174411-7.Bmp,22000,discrete
temp-12012025174754-0.Bmp,22,discrete
temp-12012025174755-1.Bmp,22,discrete
temp-12012025174755-2.Bmp,22,discrete
temp-12012025174756-3.Bmp,22,discrete
temp-12012025174756-4.Bmp,22,discrete
temp-12012025174757-5.Bmp,22,discrete
temp-12012025174757-6.Bmp,22,discrete
temp-12012025174758-7.Bmp,22,discrete
temp-12012025174819-0.Bmp,24,discrete
temp-12012025174819-1.Bmp,24,discrete
temp-12012025174820-2.Bmp,24,discrete
temp-12012025174821-3.Bmp,24,discrete
temp-12012025174821-4.Bmp,24,discrete
temp-12012025174822-5.Bmp,24,discrete
temp-12012025174822-6.Bmp,24,discrete
temp-12012025174823-7.Bmp,24,discrete
temp-12012025172706-0.Bmp,256,discrete
temp-12012025172706-1.Bmp,256,discrete
temp-12012025172707-2.Bmp,256,discrete
temp-12012025172707-3.Bmp,256,discrete
temp-12012025172708-4.Bmp,256,discrete
temp-12012025172708-5.Bmp,256,discrete
temp-12012025172709-6.Bmp,256,discrete
temp-12012025172709-7.Bmp,256,discrete
temp-12012025172428-0.Bmp,2,discrete
temp-12012025172429-1.Bmp,2,discrete
temp-12012025172430-2.Bmp,2,discrete
temp-12012025172430-3.Bmp,2,discrete
temp-12012025172431-4.Bmp,2,discrete
temp-12012025172431-5.Bmp,2,discrete
temp-12012025172432-6.Bmp,2,discrete
temp-12012025172432-7.Bmp,2,discrete
temp-12012025172547-0.Bmp,32,discrete
temp-12012025172548-1.Bmp,32,discrete
temp-12012025172548-2.Bmp,32,discrete
temp-12012025172549-3.Bmp,32,discrete
temp-12012025172549-4.Bmp,32,discrete
temp-12012025172550-5.Bmp,32,discrete
temp-12012025172550-6.Bmp,32,discrete
temp-12012025172551-7.Bmp,32,discrete
temp-12012025173010-0.Bmp,4096,discrete
temp-12012025173010-1.Bmp,4096,discrete
temp-12012025173011-2.Bmp,4096,discrete
temp-12012025173011-3.Bmp,4096,discrete
temp-12012025173012-4.Bmp,4096,discrete
temp-12012025173012-5.Bmp,4096,discrete
temp-12012025173013-6.Bmp,4096,discrete
temp-12012025173013-7.Bmp,4096,discrete
temp-12012025172452-0.Bmp,4,discrete
temp-12012025172453-1.Bmp,4,discrete
temp-12012025172453-2.Bmp,4,discrete
temp-12012025172454-3.Bmp,4,discrete
temp-12012025172454-4.Bmp,4,discrete
temp-12012025172455-5.Bmp,4,discrete
temp-12012025172456-6.Bmp,4,discrete
temp-12012025172456-7.Bmp,4,discrete
temp-12012025172729-0.Bmp,512,discrete
temp-12012025172729-1.Bmp,512,discrete
temp-12012025172730-2.Bmp,512,discrete
temp-12012025172730-3.Bmp,512,discrete
temp-12012025172731-4.Bmp,512,discrete
temp-12012025172731-5.Bmp,512,discrete
temp-12012025172732-6.Bmp,512,discrete
temp-12012025172732-7.Bmp,512,discrete
temp-12012025172606-0.Bmp,64,discrete
temp-12012025172606-1.Bmp,64,discrete
temp-12012025172607-2.Bmp,64,discrete
temp-12012025172608-3.Bmp,64,discrete
temp-12012025172608-4.Bmp,64,discrete
temp-12012025172609-5.Bmp,64,discrete
temp-12012025172609-6.Bmp,64,discrete
temp-12012025172610-7.Bmp,64,discrete
temp-12012025174500-0.Bmp,6,discrete
temp-12012025174501-1.Bmp,6,discrete
temp-12012025174501-2.Bmp,6,discrete
temp-12012025174502-3.Bmp,6,discrete
temp-12012025174502-4.Bmp,6,discrete
temp-12012025174503-5.Bmp,6,discrete
temp-12012025174503-6.Bmp,6,discrete
temp-12012025174504-7.Bmp,6,discrete
temp-12012025174247-0.Bmp,8192,discrete
temp-12012025174247-1.Bmp,8192,discrete
temp-12012025174248-2.Bmp,8192,discrete
temp-12012025174248-3.Bmp,8192,discrete
temp-12012025174249-4.Bmp,8192,discrete
temp-12012025174249-5.Bmp,8192,discrete
temp-12012025174250-6.Bmp,8192,discrete
temp-12012025174250-7.Bmp,8192,discrete
temp-12012025172512-0.Bmp,8,discrete
temp-12012025172512-1.Bmp,8,discrete
temp-12012025172513-2.Bmp,8,discrete
temp-12012025172513-3.Bmp,8,discrete
temp-12012025172514-4.Bmp,8,discrete
temp-12012025172514-5.Bmp,8,discrete
temp-12012025172515-6.Bmp,8,discrete
temp-12012025172515-7.Bmp,8,discrete
